COMP;REGIAO;UF;MUNICIPIO;NOME_ESTABELECIMENTO;RAZAO_SOCIAL;DS_TIPO_UNIDADE;DESC_NATUREZA_JURIDICA;NO_LOGRADOURO;NU_ENDERECO;NO_BAIRRO;CO_CEP;LEITOS_EXISTENTES;LEITOS_SUS;UTI_TOTAL_EXIST;UTI_TOTAL_SUS;UTI_ADULTO_EXIST;UTI_ADULTO_SUS;UTI_PEDIATRICO_EXIST;UTI_PEDIATRICO_SUS;UTI_NEONATAL_EXIST;UTI_NEONATAL_SUS;UTI_QUEIMADO_EXIST;UTI_QUEIMADO_SUS;UTI_CORONARIANA_EXIST;UTI_CORONARIANA_SUS
202302;SUDESTE;SP;SAO PAULO;HOSPITAL MUNICIPAL BELA VISTA SANTA DULCE DOS POBRES;PREFEITURA DO MUNICIPIO DE SAO PAULO;HOSPITAL GERAL;HOSPITAL_PÚBLICO;RUA ANTONIO CARLOS;122;CONSOLACAO;1309010;113;93;20;0;20;0;0;0;0;0;0;0;0;0
202302;SUDESTE;SP;SAO PAULO;HOSPITAL MUNICIPAL BRASILANDIA;PREFEITURA DO MUNICIPIO DE SAO PAULO;HOSPITAL GERAL;HOSPITAL_PÚBLICO;AVENIDA MICHIHISA MURATA;150;JARDIM MARISTELA;2806160;204;204;30;30;20;20;10;10;0;0;0;0;0;0
202302;SUDESTE;SP;SAO PAULO;HOSPITAL MUNICIPAL BRIGADEIRO;PREFEITURA DO MUNICIPIO DE SAO PAULO;HOSPITAL GERAL;HOSPITAL_PÚBLICO;AVENIDA BRIGADEIRO LUIS ANTONIO;4805;JARDIM PAULISTA;1401002;85;75;10;0;10;0;0;0;0;0;0;0;0;0
202302;SUDESTE;SP;SAO PAULO;HOSPITAL MUNICIPAL GUARAPIRANGA;PREFEITURA DO MUNICIPIO DE SAO PAULO;HOSPITAL GERAL;HOSPITAL_PÚBLICO;ESTRADA DA RIVIERA;4742;RIVIERA PAULISTA;4916000;186;156;30;0;30;0;0;0;0;0;0;0;0;0
202302;SUDESTE;SP;SAO PAULO;IMPAR SERVICOS HOSPITALARES FILIAL SANTA PAULA;IMPAR SERVICOS HOSPITALARES SA;HOSPITAL GERAL;HOSPITAL_PRIVADO;AVENIDA SANTO AMARO;2468;BROOKLIN PAULISTA;4556901;199;0;50;0;50;0;0;0;0;0;0;0;0;0
202302;SUDESTE;SP;SAO PAULO;HOSPITAL SANCTA MAGGIORE DUBAI;PREVENT SENIOR PRIVATE OPERADORA DE SAUDE LTDA;HOSPITAL GERAL;HOSPITAL_PRIVADO;RUA FRANCISCO TRAMONTANO;100;REAL PARQUE;5686902;170;0;37;0;37;0;0;0;0;0;0;0;0;0
202302;SUDESTE;SP;SAO PAULO;HOSPITAL E PRONTO ATENDIMENTO SANCTA MAGGIORE RUSSIA;PREVENT SENIOR PRIVATE OPERADORA DE SAUDE LTDA;HOSPITAL GERAL;HOSPITAL_PRIVADO;AVENIDA PROFESSOR FRANCISCO MORATO;1133;BUTANTA;5513100;33;0;0;0;0;0;0;0;0;0;0;0;0;0
202302;SUDESTE;SP;SAO PAULO;CRIA CASA DE PARTO;CENTRO DE PARTO HUMANIZADO VILA MARIANA EIRELI;HOSPITAL GERAL;HOSPITAL_PRIVADO;RUA DOUTOR LOPES DE ALMEIDA;16;VILA MARIANA;4120070;7;0;0;0;0;0;0;0;0;0;0;0;0;0
202302;SUDESTE;SP;SAO PAULO;PA SAO RAFAEL;PA SAO RAFAEL SERVICOS MEDICOS LTDA;PRONTO SOCORRO GERAL;HOSPITAL_PRIVADO;AVENIDA ADOLFO PINHEIRO;2100;SANTO AMARO;4734003;5;0;0;0;0;0;0;0;0;0;0;0;0;0
202302;SUDESTE;SP;SAO PAULO;HOSPITAL ESPORTE E SAUDE LTDA BR SURGERY;HOSPITAL ESPORTE E SAUDE LTDA;HOSPITAL GERAL;HOSPITAL_PRIVADO;AV FAGUNDES FILHO;475;VILA MONTE ALEGRE;4304010;14;0;2;0;2;0;0;0;0;0;0;0;0;0
202302;SUDESTE;SP;SAO PAULO;HOSPITAL VIDAS ALTA COMPLEXIDADE;HOSPITAL E MATERNIDADE VIDAS LTDA;HOSPITAL GERAL;HOSPITAL_PRIVADO;RUA PROFESSORA MARIA DE LOURDES DE SOUZA NOGUEIRA;89;VILA GEA;4692000;61;0;10;0;10;0;0;0;0;0;0;0;0;0
202302;SUDESTE;SP;SAO PAULO;HOSPITAL E PRONTO ATENDIMENTO SANCTA MAGGIORE PARIS;PREVENT SENIOR PRIVATE OPERADORA DE SAUDE LTDA;HOSPITAL GERAL;HOSPITAL_PRIVADO;RUA GENERAL CHAGAS SANTOS;314;VILA DA SAUDE;4146050;64;0;0;0;0;0;0;0;0;0;0;0;0;0
202302;SUDESTE;SP;SAO PAULO;SAO LUIZ MATERNIDADE;REDE DOR SAO LUIZ S A;HOSPITAL GERAL;HOSPITAL_PRIVADO;RUA HELENA;29;VILA OLIMPIA;4552050;230;0;58;0;0;0;0;0;58;0;0;0;0;0
202302;SUDESTE;SP;SAO PAULO;INSTITUTO DE INFECTOLOGIA EMILIO RIBAS SAO PAULO;SECRETARIA DE ESTADO DA SAUDE DE SAO PAULO;HOSPITAL GERAL;HOSPITAL_PÚBLICO;AV DR ARNALDO;165;CERQUEIRA CESAR;1246900;311;311;30;30;30;30;0;0;0;0;0;0;0;0
202302;SUDESTE;SP;SAO PAULO;PREVINA;PREVINA DIAGNOSTICOS MEDICOS S S LTDA;PRONTO SOCORRO GERAL;HOSPITAL_PRIVADO;AV RAIMUNDO PEREIRA DE MAGALHAES;12367;PARADA DE TAIPAS;2938000;10;0;10;0;10;0;0;0;0;0;0;0;0;0
202302;SUDESTE;SP;SAO PAULO;HOSPITAL DA LUZ 92;AMICO SAUDE LTDA;HOSPITAL GERAL;HOSPITAL_PRIVADO;RUA AZEVEDO MACEDO;92;VILA MARIANA;4013060;96;0;40;0;0;0;20;0;20;0;0;0;0;0
202302;SUDESTE;SP;SAO PAULO;HOSPITAL ISRAELITA ALBERT EINSTEIN;SOCIEDADE BENEFICENTE ISRAELITA BRAS HOSP ALBERT EINSTEIN;HOSPITAL GERAL;HOSPITAL_FILANTRÓPICO;AV ALBERT EINSTEIN;627;MORUMBI;5652900;669;38;94;10;54;10;18;0;22;0;0;0;0;0
202302;SUDESTE;SP;SAO PAULO;HOSPITAL DO SERV PUB EST FCO MORATO DE OLIVEIRA SAO PAULO;INSTITUTO DE ASSIST MEDICA DO SERVIDOR PUBLICO ESTADUAL SP;HOSPITAL GERAL;HOSPITAL_PÚBLICO;RUA PEDRO DE TOLEDO;1800;VILA CLEMENTINO;4029000;886;6;87;0;64;0;4;0;8;0;11;0;0;0
202302;SUDESTE;SP;SAO PAULO;HOSPITAL MATERNIDADE INTERLAGOS;SECRETARIA DE ESTADO DA SAUDE DE SAO PAULO;HOSPITAL ESPECIALIZADO;HOSPITAL_PÚBLICO;RUA LEONOR ALVIM;211;JD LEBLON;4802190;89;89;14;14;4;4;0;0;10;10;0;0;0;0
202302;SUDESTE;SP;SAO PAULO;HOSPITAL GERAL DE PEDREIRA;SECRETARIA DE ESTADO DA SAUDE DE SAO PAULO;HOSPITAL GERAL;HOSPITAL_PÚBLICO;RUA JOAO FRANCISCO DE MOURA;251;VILA CAMPO GRANDE;4455170;295;295;41;41;23;23;6;6;12;12;0;0;0;0
202302;SUDESTE;SP;SAO PAULO;HOSPITAL HELIOPOLIS UNIDADE DE GESTAO ASSISTENCIAL I SP;SECRETARIA DE ESTADO DA SAUDE DE SAO PAULO;HOSPITAL GERAL;HOSPITAL_PÚBLICO;RUA CONEGO XAVIER;276;SACOMA;4231030;290;290;24;24;24;24;0;0;0;0;0;0;0;0
202302;SUDESTE;SP;SAO PAULO;CAISM DR DAVID CAPISTRANO DA COSTA FILHO DA AGUA FUNDA SP;SECRETARIA DE ESTADO DA SAUDE DE SAO PAULO;HOSPITAL ESPECIALIZADO;HOSPITAL_PÚBLICO;AVENIDA MIGUEL STEFANO;3030;AGUA FUNDA;4301002;121;121;0;0;0;0;0;0;0;0;0;0;0;0
202302;SUDESTE;SP;SAO PAULO;HOSPITAL INFANTIL DARCY VARGAS UGA III SAO PAULO;SECRETARIA DE ESTADO DA SAUDE DE SAO PAULO;HOSPITAL ESPECIALIZADO;HOSPITAL_PÚBLICO;RUA DR SERAFICO DE ASSIS CARVALHO;34;JARDIM GUEDALA;4024002;122;122;14;14;0;0;9;9;5;5;0;0;0;0
202302;SUDESTE;SP;SAO PAULO;HC DA FMUSP INSTITUTO DO CORACAO INCOR SAO PAULO;FUNDACAO ZERBINI;HOSPITAL ESPECIALIZADO;HOSPITAL_FILANTRÓPICO;AVENIDA DR ENEAS DE CARVALHO AGUIAR;44;CERQUEIRA CESAR;5403000;445;390;145;145;119;119;23;23;3;3;0;0;0;0
202302;SUDESTE;SP;SAO PAULO;HOSP MUN MATERNIDADE PROFESSOR MARIO DEGNI;PREFEITURA DO MUNICIPIO DE SAO PAULO;HOSPITAL GERAL;HOSPITAL_PÚBLICO;RUA LUCAS DE LEYDE;257;VILA ANTONIO;5376010;73;62;16;9;10;4;0;0;6;5;0;0;0;0
202302;SUDESTE;SP;SAO PAULO;HOSP DA STA CASA DE STO AMARO;SANTA CASA DE MISERICORDIA DE SANTO AMARO;HOSPITAL GERAL;HOSPITAL_FILANTRÓPICO;RUA ISABEL SCHMIDT;59;SANTO AMARO;4743030;134;91;10;9;10;9;0;0;0;0;0;0;0;0
202302;SUDESTE;SP;SAO PAULO;HOSPITAL SAO LUIZ GONZAGA;IRMANDADE DA SANTA CASA DE MISERICORDIA DE SAO PAULO;HOSPITAL GERAL;HOSPITAL_FILANTRÓPICO;MICHEL OUCHANA;94;JACANA;2276140;171;157;6;0;0;0;0;0;6;0;0;0;0;0
202302;SUDESTE;SP;SAO PAULO;HOSPITAL UNIVERSITARIO DA USP SAO PAULO;HOSPITAL UNIVERSITARIO DA UNIVERSIDADE DE SAO PAULO;HOSPITAL GERAL;HOSPITAL_PÚBLICO;AV PROF LINEU PRESTES;2565;BUTANTA;5580000;206;206;28;28;12;12;10;10;6;6;0;0;0;0
202302;SUDESTE;SP;SAO PAULO;HOSPITAL OSWALDO CRUZ;HOSPITAL ALEMAO OSWALDO CRUZ;HOSPITAL GERAL;HOSPITAL_FILANTRÓPICO;RUA JOAO JULIAO;331;PARAISO;1323020;350;0;44;0;44;0;0;0;0;0;0;0;0;0
202302;SUDESTE;SP;SAO PAULO;CASA DA CRIANCA BETINHO;CASA DA CRIANCA BETINHO LAR ESPIRITA P EXCEPCIONAIS;HOSPITAL GERAL;HOSPITAL_FILANTRÓPICO;RUA VACANGA;300;VIL CARRAO;3433020;89;89;0;0;0;0;0;0;0;0;0;0;0;0
202302;SUDESTE;SP;SAO PAULO;HOSPITAL AMPARO MATERNAL;SPDM PAIS HOSPITAL AMPARO MATERNAL;HOSPITAL ESPECIALIZADO;HOSPITAL_FILANTRÓPICO;RUA LOEFGREEN;1901;V CLEMENTINO;4040032;110;105;10;10;0;0;0;0;10;10;0;0;0;0
202302;SUDESTE;SP;SAO PAULO;CAISM PHILIPPE PINEL SAO PAULO;SECRETARIA DE ESTADO DA SAUDE DE SAO PAULO;HOSPITAL ESPECIALIZADO;HOSPITAL_PÚBLICO;AV RAIMUNDO PEREIRA DE MAGALHAES;5214;PIRITUBA;2938000;136;136;0;0;0;0;0;0;0;0;0;0;0;0
202302;SUDESTE;SP;SAO PAULO;HOSPITAL ESTADUAL DE VILA ALPINA ORG SOCIAL SECONCI SAO PAUL;SECRETARIA DE ESTADO DA SAUDE DE SAO PAULO;HOSPITAL GERAL;HOSPITAL_PÚBLICO;AV FRANCISCO FALCONI;1501;VILA ALPINA;3227000;219;219;38;38;20;20;7;7;11;11;0;0;0;0
202302;SUDESTE;SP;SAO PAULO;HOSP MUN PIRITUBA JOSE SOARES HUNGRIA;SECRETARIA MUNICIPAL DA SAUDE;HOSPITAL GERAL;HOSPITAL_PÚBLICO;MENOTTI LAUDISIO;100;PIRITUBA;2945000;80;72;16;8;16;8;0;0;0;0;0;0;0;0
202302;SUDESTE;SP;SAO PAULO;HOSP DOM ALVARENGA;ASSOCIACAO BENEFICENTE NOSSA SENHORA DE NAZARE;HOSPITAL GERAL;HOSPITAL_FILANTRÓPICO;NAZARE;1361;IPIRANGA;4263200;149;75;30;0;30;0;0;0;0;0;0;0;0;0
202302;SUDESTE;SP;SAO PAULO;HOSPITAL SANTA MARCELINA SAO PAULO;CASA DE SAUDE SANTA MARCELINA;HOSPITAL GERAL;HOSPITAL_FILANTRÓPICO;RUA SANTA MARCELINA;177;ITAQUERA;8270070;671;530;117;84;98;65;10;10;9;9;0;0;0;0
202302;SUDESTE;SP;SAO PAULO;HOSPITAL SAO PAULO HOSPITAL DE ENSINO DA UNIFESP SAO PAULO;SPDM ASSOCIACAO PAULISTA PARA O DESENVOLVIMENTO DA MEDICINA;HOSPITAL GERAL;HOSPITAL_FILANTRÓPICO;RUA NAPOLEAO DE BARROS;715;VILA CLEMENTINO;4024002;842;798;117;114;77;74;19;19;17;17;4;4;0;0
202302;SUDESTE;SP;SAO PAULO;HOSPITAL GERAL DE SAO MATEUS SAO PAULO;SECRETARIA DE ESTADO DA SAUDE DE SAO PAULO;HOSPITAL GERAL;HOSPITAL_PÚBLICO;RUA ANGELO DE CANDIA;540;SAO MATEUS;3958000;251;251;49;49;24;24;10;10;10;10;5;5;0;0
202302;SUDESTE;SP;SAO PAULO;HOSPITAL LEFORTE LIBERDADE;HOSPITAL LEFORTE LIBERDADE S A;HOSPITAL GERAL;HOSPITAL_PRIVADO;RUA GALVAO BUENO;257;LIBERDADE;1506000;270;48;48;30;48;30;0;0;0;0;0;0;0;0
202302;SUDESTE;SP;SAO PAULO;UNIDADE DE GESTAO ASSISTENCIAL II HOSPITAL IPIRANGA SP;SECRETARIA DE ESTADO DA SAUDE SAO PAULO;HOSPITAL GERAL;HOSPITAL_PÚBLICO;AVENIDA NAZARE;28;IPIRANGA;4262000;314;314;32;32;22;22;0;0;10;10;0;0;0;0
202302;SUDESTE;SP;SAO PAULO;A C CAMARGO CANCER CENTER;FUNDACAO ANTONIO PRUDENTE;HOSPITAL ESPECIALIZADO;HOSPITAL_FILANTRÓPICO;RUA PROFESSOR ANTONIO PRUDENTE;211;LIBERDADE;1509900;355;209;40;28;30;22;10;6;0;0;0;0;0;0
202302;SUDESTE;SP;SAO PAULO;CONJUNTO HOSPITALAR DO MANDAQUI SAO PAULO;SECRETARIA DE ESTADO DA SAUDE DE SAO PAULO;HOSPITAL GERAL;HOSPITAL_PÚBLICO;RUA VOLUNTARIOS DA PATRIA;4301;SANTANA;2401400;419;419;65;65;47;47;8;8;10;10;0;0;0;0
202302;SUDESTE;SP;SAO PAULO;IBCC;INSTITUTO BRASILEIRO DE CONTROLE DO CANCER;HOSPITAL ESPECIALIZADO;HOSPITAL_FILANTRÓPICO;AV ALCANTARA MACHADO;2576;MOOCA;3102002;181;95;10;10;10;10;0;0;0;0;0;0;0;0
202302;SUDESTE;SP;SAO PAULO;HOSPITAL PRESIDENTE;HOSPITAL E MATERNIDADE PRESIDENTE SOCIEDADE SIMPLES;HOSPITAL GERAL;HOSPITAL_PRIVADO;AVENIDA NOVA CANTAREIRA;2398;TUCURUVI;2340000;122;0;20;0;20;0;0;0;0;0;0;0;0;0
202302;SUDESTE;SP;SAO PAULO;CENTRO INTEGR DE ASS E SAUDE NOSSA SENHORA DE FATIMA;CONGREGACAO DAS IRMAS HOSPITALEIRAS DO SAGRADO CORACAO DE JE;HOSPITAL ESPECIALIZADO;HOSPITAL_FILANTRÓPICO;JORNALISTA PAULO ZINGG;1078;PIRITUBA;5157030;190;0;0;0;0;0;0;0;0;0;0;0;0;0
202302;SUDESTE;SP;SAO PAULO;HOSPITAL GERAL SANTA MARCELINA DE ITAIM PAULISTA SAO PAULO;SECRETARIA DE ESTADO DA SAUDE DE SAO PAULO;HOSPITAL GERAL;HOSPITAL_PÚBLICO;AV MARECHAL TITO;6035;ITAIM PAULISTA;8115100;315;315;36;36;20;20;0;0;16;16;0;0;0;0
202302;SUDESTE;SP;SAO PAULO;HOSP MUN PROF DR WALDOMIRO DE PAULA;PREFEITURA DO MUNICIPIO DE SAO PAULO;HOSPITAL GERAL;HOSPITAL_PÚBLICO;RUA AUGUSTO CARLOS BAUMANN;1074;ITAQUERA;8210590;218;179;50;12;40;6;0;0;10;6;0;0;0;0
202302;SUDESTE;SP;SAO PAULO;ASSOC AACD V CLEMENTINO;ASSOCIACAO DE ASSISTENCIA A CRIANCA DEFICIENTE;HOSPITAL ESPECIALIZADO;HOSPITAL_FILANTRÓPICO;AVN PROF ASCENDINO REIS;724;VIL CLEMENTINO;4027000;87;27;10;4;5;2;5;2;0;0;0;0;0;0
202302;SUDESTE;SP;SAO PAULO;HOSPITAL GERAL DO GRAJAU PROF LIBER JOHN ALPHONSE DI DIO SP;SECRETARIA DE ESTADO DA SAUDE DE SAO PAULO;HOSPITAL GERAL;HOSPITAL_PÚBLICO;RUA FRANCISCO OCTAVIO PACCA;180;PARQUE DAS NACOES;4822030;260;254;44;38;24;24;9;8;11;6;0;0;0;0
202302;SUDESTE;SP;SAO PAULO;HOSPITAL E MATERNIDADE LEONOR MENDES DE BARROS SAO PAULO;SECRETARIA DE ESTADO DA SAUDE DE SAO PAULO;HOSPITAL ESPECIALIZADO;HOSPITAL_PÚBLICO;AV CELSO GARCIA;2477;BELENZINHO;3015000;167;167;20;20;6;6;0;0;14;14;0;0;0;0
202302;SUDESTE;SP;SAO PAULO;HOSP MONUMENTO CEHM;CENTRO DE ESTUDO DO HOSPITAL MONUMENTO;HOSPITAL GERAL;HOSPITAL_FILANTRÓPICO;RUA LIMA E SILVA;985;IPIRANGA;4215020;50;50;0;0;0;0;0;0;0;0;0;0;0;0
202302;SUDESTE;SP;SAO PAULO;CENTRO DE REFERENCIA E TREINAMENTO DST AIDS SAO PAULO;SECRETARIA DE ESTADO DA SAUDE DE SAO PAULO;HOSPITAL ESPECIALIZADO;HOSPITAL_PÚBLICO;RUA SANTA CRUZ;81;VILA MARIANA;4121000;46;46;0;0;0;0;0;0;0;0;0;0;0;0
202302;SUDESTE;SP;SAO PAULO;HC DA FMUSP HOSPITAL DAS CLINICAS SAO PAULO;FUNDACAO FACULDADE DE MEDICINA MEC MPAS;HOSPITAL GERAL;HOSPITAL_FILANTRÓPICO;RUA DR OVIDIO PIRES DE CAMPOS;225;CERQUEIRA CESAR;5403010;1543;1476;227;225;128;128;53;51;40;40;6;6;0;0
202302;SUDESTE;SP;SAO PAULO;HOSPITAL E MATERNIDADE METROPOLITANO;AMICO SAUDE LTDA;HOSPITAL GERAL;HOSPITAL_PRIVADO;MARCELINA;441;VILA ROMANA;5044010;88;0;73;0;46;0;9;0;18;0;0;0;0;0
202302;SUDESTE;SP;SAO PAULO;CENTRO DE REFERENCIA DA SAUDE DA MULHER SAO PAULO;SECRETARIA DE ESTADO DA SAUDE DE SAO PAULO;HOSPITAL ESPECIALIZADO;HOSPITAL_PÚBLICO;AV RIO BRANCO;1080;CAMPOS ELISEOS;1206001;139;139;7;7;7;7;0;0;0;0;0;0;0;0
202302;SUDESTE;SP;SAO PAULO;HOSP MUN INFANTIL MENINO JESUS;PREFEITURA DO MUNICIPIO DE SAO PAULO;HOSPITAL ESPECIALIZADO;HOSPITAL_PÚBLICO;RUA DOS INGLESES;258;BELA VISTA;1329000;103;59;20;10;0;0;20;10;0;0;0;0;0;0
202302;SUDESTE;SP;SAO PAULO;HOSP INDEPENDENCIA;HOSPITAL INDEPENDENCIA ZONA LESTE LTDA;HOSPITAL GERAL;HOSPITAL_PRIVADO;RUA URUCURANA;1;JARDIM PEDRO JOSE NU;8061100;103;0;14;0;10;0;0;0;4;0;0;0;0;0
202302;SUDESTE;SP;SAO PAULO;HOSPITAL SANTA VIRGINIA;ASSOCIACAO HOSPITALAR FILHAS DE N S DO MONTE CALVARIO;HOSPITAL GERAL;HOSPITAL_FILANTRÓPICO;AVENIDA CELSO GARCIA;2294;BELEM;3014000;93;0;13;0;13;0;0;0;0;0;0;0;0;0
202302;SUDESTE;SP;SAO PAULO;HOSPITAL AVICCENA;REDE DOR SAO LUIZ S A;HOSPITAL GERAL;HOSPITAL_PRIVADO;PADRE ADELINO;901;IV PARADA;3303000;96;0;28;0;28;0;0;0;0;0;0;0;0;0
202302;SUDESTE;SP;SAO PAULO;HOSPITAL CANTAREIRA;SPDM ASSOC PAULISTA PARA O DESENVOLVIMENTO DA MEDICINA;HOSPITAL GERAL;HOSPITAL_FILANTRÓPICO;AV NOVA CANTAREIRA;3050;TUCURUVI;2340000;114;100;0;0;0;0;0;0;0;0;0;0;0;0
202302;SUDESTE;SP;SAO PAULO;HOSPITAL E MATERNIDADE SANTA MARIA CRUZ AZUL;CRUZ AZUL DE SAO PAULO;HOSPITAL GERAL;HOSPITAL_FILANTRÓPICO;LINS DE VASCONCELOS;356;CAMBUCI;1538900;347;1;68;0;50;0;18;0;0;0;0;0;0;0
202302;SUDESTE;SP;SAO PAULO;UNIDADE REFERENCIADA OSWALDO CRUZ VERGUEIRO;HOSPITAL ALEMAO OSWALDO CRUZ;HOSPITAL GERAL;HOSPITAL_FILANTRÓPICO;R VERGUEIRO;17;LIBERDADE;1504000;232;38;30;10;30;10;0;0;0;0;0;0;0;0
202302;SUDESTE;SP;SAO PAULO;HOSP DA AERONAUTICA DE SPHASP;COMANDO DA AERONAUTICA;HOSPITAL GERAL;HOSPITAL_PÚBLICO;OLAVO FONTOURA;1400;SANTANA;2012021;58;0;9;0;9;0;0;0;0;0;0;0;0;0
202302;SUDESTE;SP;SAO PAULO;HOSPITAL E MATERNIDADE SAO MIGUEL;HOSPITAL E MATERNIDADE SAO MIGUEL SA;HOSPITAL GERAL;HOSPITAL_PRIVADO;RUA LUIS PICOLO;11;SAO MIGUEL;8010320;75;0;0;0;0;0;0;0;0;0;0;0;0;0
202302;SUDESTE;SP;SAO PAULO;DAY HOSPITAL DE ERMELINO MATARAZZO;DAY HOSPITAL DE ERMELINO MATARAZZO SC LTDA;HOSPITAL GERAL;HOSPITAL_PRIVADO;AV ABEL TAVARES;2576;ERMELINO MATARAZZO;3810110;68;0;9;0;9;0;0;0;0;0;0;0;0;0
202302;SUDESTE;SP;SAO PAULO;HOSPITAL ITAQUERA;GRUPO ITASA LIFE LTDA;HOSPITAL GERAL;HOSPITAL_PRIVADO;RUA JOSE OITICICA FILHO;123;ITAQUERA;8210510;120;0;10;0;10;0;0;0;0;0;0;0;0;0
202302;SUDESTE;SP;SAO PAULO;HOSP 9 DE JULHO;HOSPITAL 9 DE JULHO SA;HOSPITAL GERAL;HOSPITAL_PRIVADO;RUA PEIXOTO GOMIDE;625;BELA VISTA;1409902;224;0;44;0;44;0;0;0;0;0;0;0;0;0
202302;SUDESTE;SP;SAO PAULO;HOSPITAL SIRIO LIBANES;SOCIEDADE BENEFICENTE DE SENHORAS HOSPITAL SIRIO LIBANES;HOSPITAL GERAL;HOSPITAL_FILANTRÓPICO;RUA DONA ADMA JAFET;91;CERQUEIRA CESAR;1308050;469;14;102;0;30;0;6;0;0;0;0;0;66;0
202302;SUDESTE;SP;SAO PAULO;HOSP MUN MAT ESC DR MARIO DE MORAES A SILVA;PREFEITURA DO MUNICIPIO DE SAO PAULO;HOSPITAL ESPECIALIZADO;HOSPITAL_PÚBLICO;AV DEP EMILIO CARLOS;3100;VL NOVA CACHOEIRINHA;2720200;192;192;37;37;7;7;0;0;30;30;0;0;0;0
202302;SUDESTE;SP;SAO PAULO;HOSPITAL GERAL JESUS TEIXEIRA DA COSTA GUAIANASES SAO PAULO;SECRETARIA DE ESTADO DA SAUDE DE SAO PAULO;HOSPITAL GERAL;HOSPITAL_PÚBLICO;AV MIGUEL ACHIOLE DA FONSECA;135;JARDIM SAO PAULO;8461110;253;249;28;28;20;20;0;0;8;8;0;0;0;0
202302;SUDESTE;SP;SAO PAULO;HOSPITAL SANTA ISABEL;HOSPITAL SANTA ISABEL;HOSPITAL GERAL;HOSPITAL_FILANTRÓPICO;R DONA VERIDIANA;311;VILA BUARQUE;1238010;103;2;25;0;25;0;0;0;0;0;0;0;0;0
202302;SUDESTE;SP;SAO PAULO;MATERNIDADE SANTA JOANA;HOSPITAL E MATERNIDADE SANTA JOANA SA;HOSPITAL ESPECIALIZADO;HOSPITAL_PRIVADO;RUA DO PARAISO;432;PARAISO;4103000;388;0;123;0;5;0;0;0;118;0;0;0;0;0
202302;SUDESTE;SP;SAO PAULO;INSTITUTO DO CANCER ARNALDO VIEIRA DE CARVALHO;INSTITUTO DO CANCER ARNALDO VIEIRA DE CARVALHO;HOSPITAL ESPECIALIZADO;HOSPITAL_FILANTRÓPICO;RUA DR CESARIO MOTA JUNIOR;112;VILA BUARQUE;1221020;80;80;8;8;8;8;0;0;0;0;0;0;0;0
202302;SUDESTE;SP;SAO PAULO;HOSPITAL DA CRIANCA;REDE DOR SAO LUIZ S A;HOSPITAL ESPECIALIZADO;HOSPITAL_PRIVADO;RUA DAS PEROBAS;295;JABAQUARA;4321120;71;0;20;0;20;0;0;0;0;0;0;0;0;0
202302;SUDESTE;SP;SAO PAULO;HOSP MUN DR CARMINO CARICCHIO;PREFEITURA DO MUNICIPIO DE SAO PAULO;HOSPITAL GERAL;HOSPITAL_PÚBLICO;AV CELSO GARCIA;4815;TATUAPE;3063000;392;385;82;75;58;58;10;7;10;6;4;4;0;0
202302;SUDESTE;SP;SAO PAULO;HOSPITAL DA CRUZ VERMELHA BRASILEIRA;CRUZ VERMELHA BRASILEIRA FILIAL DO ESTADO DE SAO PAULO;HOSPITAL GERAL;HOSPITAL_FILANTRÓPICO;AVENIDA MOREIRA GUIMARAES;699;INDIANOPOLIS;4074031;40;0;0;0;0;0;0;0;0;0;0;0;0;0
202302;SUDESTE;SP;SAO PAULO;HOSPITAL BP;REAL E BENEMERITA ASSOCIACAO PORTUGUESA DE BENEFICENCIA;HOSPITAL GERAL;HOSPITAL_FILANTRÓPICO;MAEST CARDIM;769;LIBERDADE;1323900;887;252;243;65;195;50;48;15;0;0;0;0;0;0
202302;SUDESTE;SP;SAO PAULO;HOSP MUN TIDE SETUBAL;PREFEITURA DO MUNICIPIO DE SAO PAULO;HOSPITAL GERAL;HOSPITAL_PÚBLICO;RUA DR JOSE GUILHERME EIRAS;123;SAO MIGUEL PAULISTA;8010220;204;192;44;32;29;17;10;10;5;5;0;0;0;0
202302;SUDESTE;SP;SAO PAULO;HOSP MUN V NHOCUNE ALEXANDRE ZAIO;SECRETARIA MUNICIPAL DA SAUDE;HOSPITAL GERAL;HOSPITAL_PÚBLICO;ALVES MALDONADO;S/N;VILA NHOCUNE;3558050;48;48;0;0;0;0;0;0;0;0;0;0;0;0
202302;SUDESTE;SP;SAO PAULO;HOSP MAT SAO CRISTOVAO;ASSOCIACAO DE BENEFICENCIA E FILANTROPIA SAO CRISTOVAO;HOSPITAL GERAL;HOSPITAL_FILANTRÓPICO;AMERICO VENTURA;123;ALTO DA MOOCA;3128020;302;0;50;0;30;0;10;0;10;0;0;0;0;0
202302;SUDESTE;SP;SAO PAULO;HOSPITAL SAMARITANO;ESHO EMPRESA DE SERVICOS HOSPITALARES S A;HOSPITAL GERAL;HOSPITAL_PRIVADO;RUA CONS BROTERO;1486;HIGIENOPOLIS;1232010;314;0;73;0;48;0;15;0;10;0;0;0;0;0
202302;SUDESTE;SP;SAO PAULO;HOSP PAULISTA DE OTORRINOLARINGOLOGIA;HOSPITAL PAULISTA LTDA;HOSPITAL ESPECIALIZADO;HOSPITAL_PRIVADO;RUA DR DIOGO DE FARIA;780;VIL CLEMENTINO;4037002;44;0;2;0;1;0;1;0;0;0;0;0;0;0
202302;SUDESTE;SP;SAO PAULO;HOSPITAL DO CORACAO;ASSOCIACAO BENEFICENTE SIRIA;HOSPITAL GERAL;HOSPITAL_FILANTRÓPICO;RUA DESEMBARGADOR ELISEU GUILHERME;123;PARAISO;4004030;292;5;65;0;36;0;12;0;4;0;0;0;13;0
202302;SUDESTE;SP;SAO PAULO;HOSPITAL SBC;ASSOCIACAO DE ASSISTENCIA MUTUA A SAUDE SBC;HOSPITAL GERAL;HOSPITAL_FILANTRÓPICO;BLUMENAU;320;V LEOPOLDINA;5319020;27;0;0;0;0;0;0;0;0;0;0;0;0;0
202302;SUDESTE;SP;SAO PAULO;HOSP MUN JABAQUARA ARTUR RIBEIRO DE SABOYA;SECRETARIA MUNICIPAL DA SAUDE;HOSPITAL GERAL;HOSPITAL_PÚBLICO;FRANCISCO DE PAULA QUINTANILHA RIBEIRO;860;JABAQUARA;4330902;200;200;33;33;21;21;8;8;4;4;0;0;0;0
202302;SUDESTE;SP;SAO PAULO;HOSPITAL KATIA DE SOUZA RODRIGUES TAIPAS SAO PAULO;SECRETARIA DE ESTADO DA SAUDE DE SAO PAULO;HOSPITAL GERAL;HOSPITAL_PÚBLICO;AV ELISIO TEIXEIRA LEITE;6999;PARADA DE TAIPAS;2810000;285;252;46;29;20;10;14;13;12;6;0;0;0;0
202302;SUDESTE;SP;SAO PAULO;HOSP ALBERT SABIN;LAPA ASSISTENCIA MEDICA LTDA;HOSPITAL GERAL;HOSPITAL_PRIVADO;RUA BRIGADEIRO GAVIAO PEIXOTO;123;LAPA;5078000;74;0;25;0;16;0;0;0;0;0;0;0;9;0
202302;SUDESTE;SP;SAO PAULO;HOSPITAL SANTA RITA;CASA DE SAUDE SANTA RITA S A;HOSPITAL GERAL;HOSPITAL_PRIVADO;RUA CUBATAO;1190;VILA MARIANA;4013004;132;0;12;0;12;0;0;0;0;0;0;0;0;0
202302;SUDESTE;SP;SAO PAULO;HOSPITAL JAPONES SANTA CRUZ;SOCIEDADE BRASILEIRA E JAPONESA DE BENEFICIENCIA SANTA CRUZ;HOSPITAL GERAL;HOSPITAL_FILANTRÓPICO;R SANTA CRUZ;398;VILA MARIANA;4122000;168;30;30;10;30;10;0;0;0;0;0;0;0;0
202302;SUDESTE;SP;SAO PAULO;HOSP MUN PROFESSOR DOUTOR ALIPIO CORREA NETTO;PREFEITURA DO MUNICIPIO DE SAO PAULO;HOSPITAL GERAL;HOSPITAL_PÚBLICO;ALAMEDA RODRIGO DE BRUM;1989;VILA PARANAGUA;3807230;286;256;50;44;30;30;10;6;10;8;0;0;0;0
202302;SUDESTE;SP;SAO PAULO;HOSPITAL MUNICIPAL DR BENEDICTO MONTENEGRO;PREFEITURA DO MUNICIPIO DE SAO PAULO;HOSPITAL GERAL;HOSPITAL_PÚBLICO;ANTONIO LAZARO;226;JARDIM IVA;3921080;54;45;8;0;8;0;0;0;0;0;0;0;0;0
202302;SUDESTE;SP;SAO PAULO;HOSP IGESP;IGESP SA CENTRO MEDICO E CIRURGICO INST GASTROENT DE SP;HOSPITAL GERAL;HOSPITAL_PRIVADO;SILVIA;276;BELA VISTA;1331010;160;0;0;0;0;0;0;0;0;0;0;0;0;0
202302;SUDESTE;SP;SAO PAULO;HOSPITAL E MATERNIDADE NOSSA SENHORA DO ROSARIO;NOTRE DAME INTERMEDICA SAUDE S A;HOSPITAL GERAL;HOSPITAL_PRIVADO;DR EDSON DE MELO;357;VILA MARIA ALTA;2122080;73;0;20;0;10;0;0;0;10;0;0;0;0;0
202302;SUDESTE;SP;SAO PAULO;HOSPITAL PAULISTANO;ESHO EMPRESA DE SERVICOS HOSPITALARES S A;HOSPITAL GERAL;HOSPITAL_PRIVADO;RUA MARTINIANO DE CARVALHO;741;BELA VISTA;1321001;165;0;20;0;20;0;0;0;0;0;0;0;0;0
202302;SUDESTE;SP;SAO PAULO;HOSP MUN DR IGNACIO PROENCA DE GOUVEA;PREFEITURA DO MUNICIPIO DE SAO PAULO;HOSPITAL GERAL;HOSPITAL_PÚBLICO;RUA JUVENTUS;562;MOOCA;3124020;128;111;33;16;25;12;0;0;8;4;0;0;0;0
202302;SUDESTE;SP;SAO PAULO;INSTITUTO DANTE PAZZANESE DE CARDIOLOGIA IDPC SAO PAULO;FUNDACAO ADIB JATENE;HOSPITAL ESPECIALIZADO;HOSPITAL_FILANTRÓPICO;AV DR DANTE PAZZANESE;500;IBIRAPUERA;4012180;402;386;103;100;82;80;21;20;0;0;0;0;0;0
202302;SUDESTE;SP;SAO PAULO;HOSPITAL INFANTIL CANDIDO FONTOURA SAO PAULO;SECRETARIA DE ESTADO DA SAUDE DE SAO PAULO;HOSPITAL ESPECIALIZADO;HOSPITAL_PÚBLICO;RUA SIQUEIRA BUENO;1757;AGUA RASA;3173010;126;120;26;26;0;0;20;20;6;6;0;0;0;0
202302;SUDESTE;SP;SAO PAULO;HOSPITAL DE TRANSP DO EST DE SP EURYCLIDES DE JESUS ZERBINI;SECRETARIA DE ESTADO DA SAUDE DE SAO PAULO;HOSPITAL GERAL;HOSPITAL_PÚBLICO;AV BRIGADEIRO LUIZ ANTONIO;2651;JARDIM PAULISTA;1401901;168;168;21;21;16;16;5;5;0;0;0;0;0;0
202302;SUDESTE;SP;SAO PAULO;HOSP RUBEM BERTA;ADLM SERVICOS MEDICOS LTDA;HOSPITAL ESPECIALIZADO;HOSPITAL_PRIVADO;RUBEM BERTA;1100;INDIANOPOLIS;4074000;57;0;1;0;1;0;0;0;0;0;0;0;0;0
202302;SUDESTE;SP;SAO PAULO;CASA DE SAUDE DE SAO JOAO DE DEUS;ASSOCIACAO HOSPITALEIRA DE ASSISTENCIA SOCIAL;HOSPITAL ESPECIALIZADO;HOSPITAL_FILANTRÓPICO;EST TURISTICA DO JARAGUA;2365;PIRITUBA;5161000;144;0;0;0;0;0;0;0;0;0;0;0;0;0
202302;SUDESTE;SP;SAO PAULO;HOSPITAL ALVORADA MOEMA;HOSPITAL ALVORADA TAGUATINGA LTDA;HOSPITAL GERAL;HOSPITAL_PRIVADO;AVENIDA IBIRAPUERA;1942;INDIANOPOLIS;4028001;182;0;30;0;20;0;10;0;0;0;0;0;0;0
202302;SUDESTE;SP;SAO PAULO;HOSPITAL E MATERNIDADE SAO RAFAEL SP;CENTRO MEDICO ESPECIALIZADO S C LTDA;HOSPITAL GERAL;HOSPITAL_PRIVADO;ECA DE QUEIROZ;391;VILA MARIANA;4011032;59;0;3;0;3;0;0;0;0;0;0;0;0;0
202302;SUDESTE;SP;SAO PAULO;HOSP MAT 8 DE MAIO;HOSPITAL E MATERNIDADE 8 DE MAIO LTDA;HOSPITAL GERAL;HOSPITAL_PRIVADO;RUA RAFAEL MONTEIRO VALEIRO;18;ITAIM PAULISTA;8140020;28;0;0;0;0;0;0;0;0;0;0;0;0;0
202302;SUDESTE;SP;SAO PAULO;ASSOC CRUZ VERDE;ASSOCIACAO CRUZ VERDE;HOSPITAL ESPECIALIZADO;HOSPITAL_FILANTRÓPICO;RUA DR DIOGO DE FARIA;695;VILA CLEMENTINO;4037002;204;204;0;0;0;0;0;0;0;0;0;0;0;0
202302;SUDESTE;SP;SAO PAULO;HOSPITAL SANTA PAULA;HOSPITAL SANTA PAULA S A;HOSPITAL GERAL;HOSPITAL_PRIVADO;AVENIDA SANTO AMARO;2468;VILA OLIMPIA;4556100;199;0;50;0;50;0;0;0;0;0;0;0;0;0
202302;SUDESTE;SP;SAO PAULO;HOSPITAL SAO LUIZ JABAQUARA;REDE DOR SAO LUIZ S A;HOSPITAL GERAL;HOSPITAL_PRIVADO;RUA DAS PEROBAS;344;JABAQUARA;4321120;159;0;50;0;50;0;0;0;0;0;0;0;0;0
202302;SUDESTE;SP;SAO PAULO;HOSPITAL SEPACO;SERV SOCIAL DA IND DO PAPEL PAPELAO E CORT DO ESTADO DE SP;HOSPITAL GERAL;HOSPITAL_FILANTRÓPICO;VERGUEIRO;4210;VILA MARIANA;4102900;259;19;100;0;40;0;30;0;30;0;0;0;0;0
202302;SUDESTE;SP;SAO PAULO;HOSP EDMUNDO VASCONCELOS;FUNDACAO INST DE MOLESTIAS DO APARELHO DIGEST E DA NUTRICAO;HOSPITAL GERAL;HOSPITAL_FILANTRÓPICO;RUA BORGES LAGOA;1450;VIL CLEMENTINO;4038905;157;0;17;0;10;0;7;0;0;0;0;0;0;0
202302;SUDESTE;SP;SAO PAULO;HOSPITAL NEXT BUTANTA;HOSPITAL ALVORADA TAGUATINGA LTDA;HOSPITAL GERAL;HOSPITAL_PRIVADO;AV PROF FRANCISCO MORATO;719;BUTANTA;5513000;128;0;20;0;20;0;0;0;0;0;0;0;0;0
202302;SUDESTE;SP;SAO PAULO;HOSP PS NOVA IGUATEMI;HOSPITAL PS NOVA IGUATEMI SC LTDA;HOSPITAL GERAL;HOSPITAL_PRIVADO;AVN RAGUEB CHOHFI;3315;SAO MATEUS;8375000;15;0;0;0;0;0;0;0;0;0;0;0;0;0
202302;SUDESTE;SP;SAO PAULO;HOSPITAL GRAACC INSTITUTO DE ONCOLOGIA PEDIATRICA IOP;GRUPO DE APOIO AO ADOLESCENTE E A CRIANCA COM CANCER GRAAC;HOSPITAL ESPECIALIZADO;HOSPITAL_FILANTRÓPICO;RUA PEDRO DE TOLEDO;572;VILA CLEMENTINO;4039001;73;59;10;8;0;0;10;8;0;0;0;0;0;0
202302;SUDESTE;SP;SAO PAULO;HOSPITAL NIPO BRASILEIRO;BENEFICENCIA NIPO BRASILEIRA DE SAO PAULO;HOSPITAL GERAL;HOSPITAL_FILANTRÓPICO;RUA PISTOIA;100;PARQUE NOVO MUNDO;2189000;242;0;52;0;23;0;0;0;17;0;0;0;12;0
202302;SUDESTE;SP;SAO PAULO;HOSPITAL DO RIM E HIPERTENSAO;FUNDACAO OSWALDO RAMOS;HOSPITAL ESPECIALIZADO;HOSPITAL_FILANTRÓPICO;RUA BORGES LAGOA;960;VILA CLEMENTINO;4038002;151;146;16;16;16;16;0;0;0;0;0;0;0;0
202302;SUDESTE;SP;SAO PAULO;HOSPITAL REGIONAL SUL SAO PAULO;SECRETARIA DE ESTADO DA SAUDE SAO PAULO;HOSPITAL GERAL;HOSPITAL_PÚBLICO;RUA GENERAL ROBERTO ALVES DE CARVALHO FILHO;270;SANTO AMARO;4744000;212;209;34;31;17;14;7;7;10;10;0;0;0;0
202302;SUDESTE;SP;SAO PAULO;HOSPITAL VITAL BRAZIL SAO PAULO;INSTITUTO BUTANTAN;HOSPITAL ESPECIALIZADO;HOSPITAL_PÚBLICO;AV VITAL BRAZIL;1500;BUTANTA;5503900;11;11;0;0;0;0;0;0;0;0;0;0;0;0
202302;SUDESTE;SP;SAO PAULO;ASSOCIACAO NOSSA SENHORA DO PARI;ASSOCIACAO BENEFICENTE DE ASSISTENCIA SOCIAL N SRA DO PARI;HOSPITAL ESPECIALIZADO;HOSPITAL_FILANTRÓPICO;RUA HANEMANN;234;CANINDE;3031040;54;53;8;7;8;7;0;0;0;0;0;0;0;0
202302;SUDESTE;SP;SAO PAULO;INST CEMA DE OFTALMOLOGIA E OTORRINOLARINGOLOGIA;INST CEMA DE OFTALMOLOGIA E OTORRINOLARINGOLOGIA;HOSPITAL GERAL;HOSPITAL_FILANTRÓPICO;RUA PASCOAL MOREIRA;450;MOOCA;3117000;31;31;0;0;0;0;0;0;0;0;0;0;0;0
202302;SUDESTE;SP;SAO PAULO;HOSPITAL ESTADUAL DE SAPOPEMBA SAO PAULO;SECRETARIA DE ESTADO DA SAUDE DE SAO PAULO;HOSPITAL GERAL;HOSPITAL_PÚBLICO;RUA MANOEL FRANCA DOS SANTOS;174;JARDIM SAPOPEMBA;3975130;162;162;30;30;20;20;0;0;10;10;0;0;0;0
202302;SUDESTE;SP;SAO PAULO;HOSPITAL GERAL DE VILA PENTEADO DR JOSE PANGELLA SAO PAULO;SECRETARIA DE ESTADO DA SAUDE DE SAO PAULO;HOSPITAL GERAL;HOSPITAL_PÚBLICO;AV MINISTRO PETRONIO PORTELA;1642;JARDIM IRACEMA;2802120;268;259;35;35;20;20;5;5;4;4;6;6;0;0
202302;SUDESTE;SP;SAO PAULO;HOSP VERA CRUZ;HOSPITAL VERA CRUZ LTDA;HOSPITAL ESPECIALIZADO;HOSPITAL_PRIVADO;R ALTO PARAGUAI;362;J MODELO;2238240;130;0;0;0;0;0;0;0;0;0;0;0;0;0
202302;SUDESTE;SP;SAO PAULO;HOSPITAL CENTRAL DE GUAIANASES;HOSPITAL E PRONTO SOCORRO COMUNITARIO VILA IOLANDA LTDA;HOSPITAL GERAL;HOSPITAL_PRIVADO;RUA CABO JOSE TEIXEIRA;189;GUAIANAZES;8451010;95;0;13;0;13;0;0;0;0;0;0;0;0;0
202302;SUDESTE;SP;SAO PAULO;NEXT HOSPITAL SANTO AMARO;HOSPITAL ALVORADA TAGUATINGA LTDA;HOSPITAL GERAL;HOSPITAL_PRIVADO;RUA BARAO DO RIO BRANCO;555;SANTO AMARO;4753001;78;0;10;0;10;0;0;0;0;0;0;0;0;0
202302;SUDESTE;SP;SAO PAULO;HOSPITAL PSIQUIATRICO DE VILA MARIANA;SECRETARIA DE ESTADO DA SAUDE DE SAO PAULO;HOSPITAL ESPECIALIZADO;HOSPITAL_PÚBLICO;RUA MAJOR MARAGLIANO;241;VILA MARIANA;4017030;77;77;0;0;0;0;0;0;0;0;0;0;0;0
202302;SUDESTE;SP;SAO PAULO;CASA DE DAVID SAO PAULO;CASA DE DAVID TABERNACULO ESPIRITA PARA EXCEPCIONAIS;HOSPITAL ESPECIALIZADO;HOSPITAL_FILANTRÓPICO;RODOVIA FERNAO DIAS;82;PARQUE EDU CHAVES;2284000;281;265;0;0;0;0;0;0;0;0;0;0;0;0
202302;SUDESTE;SP;SAO PAULO;HOSPITAL SAO CAMILO POMPEIA;SOCIEDADE BENEFICENTE SAO CAMILO;HOSPITAL GERAL;HOSPITAL_FILANTRÓPICO;AV POMPEIA;1178;POMPEIA;5022001;385;0;103;0;86;0;17;0;0;0;0;0;0;0
202302;SUDESTE;SP;SAO PAULO;HOSPITAL GERAL DE VILA NOVA CACHOEIRINHA SAO PAULO;SECRETARIA DE ESTADO DA SAUDE DE SAO PAULO;HOSPITAL GERAL;HOSPITAL_PÚBLICO;AV DEPUTADO EMILIO CARLOS;3000;VILA NOVA CACHOEIRIN;2720200;210;195;40;30;40;30;0;0;0;0;0;0;0;0
202302;SUDESTE;SP;SAO PAULO;HOSPITAL GERIATRICO E DE CONVALESCENTES D PEDRO II;IRMANDADE SANTA CASA DE MISERICORDIA DE SAO PAULO;HOSPITAL GERAL;HOSPITAL_FILANTRÓPICO;AV GUAPIRA;2674;JACANA;2265002;457;457;0;0;0;0;0;0;0;0;0;0;0;0
202302;SUDESTE;SP;SAO PAULO;HOSPITAL SANTA CATARINA;ASSOCIACAO CONGREGACAO DESANTA CATARINA;HOSPITAL GERAL;HOSPITAL_FILANTRÓPICO;PAULISTA;200;BELA VISTA;1310000;316;0;79;0;63;0;16;0;0;0;0;0;0;0
202302;SUDESTE;SP;SAO PAULO;SAO LUIZ UNIDADE ITAIM;REDE D OR SAO LUIZ S A;HOSPITAL GERAL;HOSPITAL_PRIVADO;RUA DR ALCEU DE CAMPOS RODRIGUES;95;VILA NOVA CONCEICAO;4544000;274;0;50;0;18;0;0;0;32;0;0;0;0;0
202302;SUDESTE;SP;SAO PAULO;INST SUEL ABUJAMRA;INSTITUTO SUEL ABUJAMRA;HOSPITAL ESPECIALIZADO;HOSPITAL_FILANTRÓPICO;RUA TAMANDARE;693;ACLIMACAO;1525001;16;16;0;0;0;0;0;0;0;0;0;0;0;0
202302;SUDESTE;SP;SAO PAULO;SANTA CASA DE SAO PAULO HOSPITAL CENTRAL SAO PAULO;IRMANDADE DA SANTA CASA DE MISERICORDIA DE SAO PAULO;HOSPITAL GERAL;HOSPITAL_FILANTRÓPICO;RUA DR CESARIO MOTA JUNIOR;112;VILA BUARQUE;1221020;1086;1078;96;88;63;55;18;18;15;15;0;0;0;0
202302;SUDESTE;SP;SAO PAULO;HOSP DO SERV PUB MUNICIPAL HSPM;HOSPITAL DO SERVIDOR PUBLICO MUNICIPAL;HOSPITAL GERAL;HOSPITAL_PÚBLICO;CASTRO ALVES;60;LIBERDADE;1532000;190;14;42;14;33;10;4;0;5;4;0;0;0;0
202302;SUDESTE;SP;SAO PAULO;HOSP MUN FERNANDO MAURO PIRES DA ROCHA;PREFEITURA DO MUNICIPIO DE SAO PAULO;HOSPITAL GERAL;HOSPITAL_PÚBLICO;ESTRADA DE ITAPECERICA;1661;CAMPO LIMPO;5835005;327;303;68;60;40;40;16;10;12;10;0;0;0;0
202302;SUDESTE;SP;SAO PAULO;FUNDACAO FACULDADE DE MEDICINAHCFMUSP INST DE PSIQUIATRIA SP;FUNDACAO FACULDADE DE MEDICINA MECMPAS;HOSPITAL ESPECIALIZADO;HOSPITAL_FILANTRÓPICO;RUA DR OVIDIO PIRES DE CAMPOS;785;CERQUEIRA CESAR;5403000;123;123;0;0;0;0;0;0;0;0;0;0;0;0
202302;SUDESTE;SP;SAO PAULO;SERRA MAYOR;SERRA MAYOR SERVICOS MEDICOS S A;HOSPITAL GERAL;HOSPITAL_PRIVADO;ESTRADA DE ITAPECERICA;4659;CAPAO REDONDO;5858001;42;0;20;0;20;0;0;0;0;0;0;0;0;0
202302;SUDESTE;SP;SAO PAULO;API ASSISTENCIA PSIQUIATRICA INTEGRADA;API ASSISTENCIA PSIQUIATRICA INTEGRADA;HOSPITAL ESPECIALIZADO;HOSPITAL_PRIVADO;AV INDIANOPOLIS;1903;PLANALTO PAULISTA;4063003;51;0;0;0;0;0;0;0;0;0;0;0;0;0
202302;SUDESTE;SP;SAO PAULO;HOSPITAL E PRONTO SOCORRO PORTINARI;HOSPITAL E PRONTO SOCORRO PORTINARI LTDA;HOSPITAL GERAL;HOSPITAL_PRIVADO;AVENIDA CANDIDO PORTINARI;455;VILA JAGUARA;5114000;109;0;42;0;22;0;10;0;10;0;0;0;0;0
202302;SUDESTE;SP;SAO PAULO;HOSPITAL BDW SP;HOSPITAL BDW SP LTDA;HOSPITAL GERAL;HOSPITAL_PRIVADO;AV DOS BANDEIRANTES;679;VILA OLIMPIA;4553010;29;0;10;0;10;0;0;0;0;0;0;0;0;0
202302;SUDESTE;SP;SAO PAULO;CENTRO HOSPITALAR DO SISTEMA PENITENCIARIO SAO PAULO;SECRETARIA DE ESTADO DA SAUDE DE SAO PAULO;HOSPITAL GERAL;HOSPITAL_PÚBLICO;RUA DOM JOSE MAURICIO;15;CARANDIRU;2028000;251;251;0;0;0;0;0;0;0;0;0;0;0;0
202302;SUDESTE;SP;SAO PAULO;HOSP DE CLINICAS J HELENA;HOSPITAL DE CLINICAS JARDIM HELENA SC LTDA;HOSPITAL GERAL;HOSPITAL_PRIVADO;RUA ERVA ANDORINHA;123;JARDIM HELENA;8090470;32;0;8;0;8;0;0;0;0;0;0;0;0;0
202302;SUDESTE;SP;SAO PAULO;HOSPITAL SAO CAMILO IPIRANGA;SOCIEDADE BENEFICENTE SAO CAMILO;HOSPITAL GERAL;HOSPITAL_FILANTRÓPICO;RUA POUSO ALEGRE;1;IPIRANGA;4261030;162;0;48;0;48;0;0;0;0;0;0;0;0;0
202302;SUDESTE;SP;SAO PAULO;HSANP HOSPITAL;ASSOCIACAO HOSPITALAR SANTANA;HOSPITAL GERAL;HOSPITAL_FILANTRÓPICO;R VOLUNTARIOS DA PATRIA;2786;SANTANA;2402100;152;0;39;0;20;0;9;0;10;0;0;0;0;0
202302;SUDESTE;SP;SAO PAULO;MASTER CLIN;HOSPITAL E MATERNIDADE MASTER CLIN SC LTDA;HOSPITAL GERAL;HOSPITAL_PRIVADO;RUA DR GALVAO GUIMARAES;72;SAO MATEUS;3970040;62;0;10;0;0;0;0;0;10;0;0;0;0;0
202302;SUDESTE;SP;SAO PAULO;PRO MATRE PAULISTA;HOSPITAL E MATERNIDADE SANTA JOANA S A;HOSPITAL ESPECIALIZADO;HOSPITAL_PRIVADO;SAO CARLOS DO PINHAL;139;BELA VISTA;1333001;229;0;66;0;3;0;0;0;63;0;0;0;0;0
202302;SUDESTE;SP;SAO PAULO;HOSPITAL SAO CAMILO SANTANA;SOCIEDADE BENEFICENTE SAO CAMILO;HOSPITAL GERAL;HOSPITAL_FILANTRÓPICO;RUA DR LUIS LUSTOSA DA SILVA;33;SANTANA;2406040;243;0;61;0;50;0;11;0;0;0;0;0;0;0
202302;SUDESTE;SP;SAO PAULO;HOSP DE OLHOS DE SAO PAULO;UNIDADE OFTALMOLOGICA DE SANTANA;HOSPITAL ESPECIALIZADO;HOSPITAL_PRIVADO;AVN CANTAREIRA;126;SANTANA;2330000;26;0;0;0;0;0;0;0;0;0;0;0;0;0
202302;SUDESTE;SP;SAO PAULO;HOSPITAL E MATERNIDADE VIDAS;HOSPITAL E MATERNIDADE VIDAS LTDA;HOSPITAL GERAL;HOSPITAL_PRIVADO;NOSSA SENHORA DO SABARA;2375;VILA CAMPO GRANDE;4685006;44;0;13;0;0;0;8;0;5;0;0;0;0;0
202302;SUDESTE;SP;SAO PAULO;CEMA HOSP ESPEC;CEMA HOSPITAL ESPECIALIZADO LIMITADA;HOSPITAL ESPECIALIZADO;HOSPITAL_PRIVADO;RUA PADRE ADELINO;333;QUARTA PARADA;3303000;169;0;0;0;0;0;0;0;0;0;0;0;0;0
202302;SUDESTE;SP;SAO PAULO;CLINICA INFANTIL SANTA ISABELLA;CLINICA INFANTIL SANTA ISABELLA S S;PRONTO SOCORRO ESPECIALIZADO;HOSPITAL_PRIVADO;RUA VERBO DIVINO;246;GRANJA JULIETA;4719000;3;0;0;0;0;0;0;0;0;0;0;0;0;0
202302;SUDESTE;SP;SAO PAULO;EYE CLINIC IBIRAPUERA;EYE CLINIC OFTALMOLOGIA CLINICO CIRURGICA E DIAGNOSTICA LTDA;HOSPITAL ESPECIALIZADO;HOSPITAL_PRIVADO;AVENIDA REPUBLICA DO LIBANO;1034;IBIRAPUERA;4502001;16;0;0;0;0;0;0;0;0;0;0;0;0;0
202302;SUDESTE;SP;SAO PAULO;HOSPITAL ADVENTISTA DE SAO PAULO;INSTITUICAO PAULISTA ADVENTISTA DE EDUCACAO E ASSIST SOCIAL;HOSPITAL GERAL;HOSPITAL_FILANTRÓPICO;RUA ROCHA POMBO;49;LIBERDADE;1525010;47;0;7;0;7;0;0;0;0;0;0;0;0;0
202302;SUDESTE;SP;SAO PAULO;HOSP MUN VER JOSE STOROPOLLI;PREFEITURA DO MUNICIPIO DE SAO PAULO;HOSPITAL GERAL;HOSPITAL_PÚBLICO;RUA FRANCISCO FANGANIELLO;127;PARQUE NOVO MUNDO;2181160;201;181;40;20;30;10;5;5;5;5;0;0;0;0
202302;SUDESTE;SP;SAO PAULO;CLINICA ESPEC RENAITRE;RENAITRE CLINICA DE ESTETICA LTDA;HOSPITAL ESPECIALIZADO;HOSPITAL_PRIVADO;RUA JOSE PEREIRA CARDOSO;80;SAO MIGUEL PAULISTA;8011310;6;0;0;0;0;0;0;0;0;0;0;0;0;0
202302;SUDESTE;SP;SAO PAULO;HOSPITAL BOSQUE DA SAUDE;NOTRE DAME INTERMEDICA SAUDE S A;HOSPITAL GERAL;HOSPITAL_PRIVADO;AV BOSQUE DA SAUDE;1926;SAUDE;4142082;141;0;17;0;17;0;0;0;0;0;0;0;0;0
202302;SUDESTE;SP;SAO PAULO;HOSPITAL DA LUZ 113;AMICO SAUDE LTDA;HOSPITAL GERAL;HOSPITAL_PRIVADO;RUA AZEVEDO DE MACEDO;113;JARDIM ZAIRA;4013060;143;0;40;0;40;0;0;0;0;0;0;0;0;0
202302;SUDESTE;SP;SAO PAULO;CENTRO MEDICO PMESP;POLICIA MILITAR DO ESTADO DE SAO PAULO;HOSPITAL GERAL;HOSPITAL_PÚBLICO;AVENIDA NOVA CANTAREIRA;3659;TREMEMBE;2341001;95;0;10;0;10;0;0;0;0;0;0;0;0;0
202302;SUDESTE;SP;SAO PAULO;PREMIER RESIDENCE HOSPITAL;PREMIER RESIDENCE HOSPITAL LTDA ME;HOSPITAL GERAL;HOSPITAL_PRIVADO;RUA JURUBATUBA;461;VILA CORDEIRO;4583100;74;0;0;0;0;0;0;0;0;0;0;0;0;0
202302;SUDESTE;SP;SAO PAULO;SAHA SERVICOS MEDICOS E HOSPITALARES;SAHA SERVICOS MEDICOS E HOSPITALARES LTDA;HOSPITAL GERAL;HOSPITAL_PRIVADO;RUA MAESTRO CARDIM;407;BELA VISTA;1323000;10;0;2;0;2;0;0;0;0;0;0;0;0;0
202302;SUDESTE;SP;SAO PAULO;HOSPITAL PARANAGUA;HOSPITAL VITAL LTDA;HOSPITAL GERAL;HOSPITAL_PRIVADO;AVENIDA PARANAGUA;808;VILA PARANAGUA;3806000;25;0;0;0;0;0;0;0;0;0;0;0;0;0
202302;SUDESTE;SP;SAO PAULO;CLINICA MEDICA NOSSA SENHORA LURDES;CLINICA MEDICA NOSSA SENHORA LURDES LTDA;HOSPITAL ESPECIALIZADO;HOSPITAL_PRIVADO;AVENIDA SANATORIO;149;JARDIM BRASIL;2238000;5;0;0;0;0;0;0;0;0;0;0;0;0;0
202302;SUDESTE;SP;SAO PAULO;HOSP E MAT JARDINS;HOSPITAL E MATERNIDADE JARDINS LTDA;HOSPITAL GERAL;HOSPITAL_PRIVADO;RUA ARTUR AZEVEDO;1659;PINHEIROS;5404014;47;0;10;0;6;0;0;0;4;0;0;0;0;0
202302;SUDESTE;SP;SAO PAULO;HOSP E MAT STO EXPEDITO;SOMEL SOCIEDADE PARA MEDICINA LESTE LTDA;HOSPITAL GERAL;HOSPITAL_PRIVADO;RUA TOMOICHI SHIMIZU;201;ITAQUERA;8260140;31;0;6;0;6;0;0;0;0;0;0;0;0;0
202302;SUDESTE;SP;SAO PAULO;HOSPITAL SILVIO ROMERO;HOSPITAL DE ESPECIALIDADES SILVIO ROMERO LTDA;HOSPITAL GERAL;HOSPITAL_PRIVADO;RUA FERNANDES PINHEIRO;268;VILA AZEVEDO;3308060;120;0;10;0;10;0;0;0;0;0;0;0;0;0
202302;SUDESTE;SP;SAO PAULO;SAO LUIZ UNIDADE MORUMBI;REDE D OR SAO LUIZ S A;HOSPITAL GERAL;HOSPITAL_PRIVADO;RUA ENGENHEIRO OSCAR AMERICANO;840;MORUMBI;5673050;187;0;60;0;39;0;10;0;0;0;0;0;11;0
202302;SUDESTE;SP;SAO PAULO;HOSPITAL DOM PEDRO;ACEBRAS SERVICOS MEDICOS HOSPITALARES LTDA;HOSPITAL GERAL;HOSPITAL_PRIVADO;AV ALCANTARA MACHADO;60;BRAS;3102000;133;0;22;0;22;0;0;0;0;0;0;0;0;0
202302;SUDESTE;SP;SAO PAULO;HOSPITAL DA FACE;HOSPITAL DA FACE LTDA;HOSPITAL ESPECIALIZADO;HOSPITAL_PRIVADO;RUA IZONZO;155;SACOMA;4249000;5;0;0;0;0;0;0;0;0;0;0;0;0;0
202302;SUDESTE;SP;SAO PAULO;HOSPITAL INFANTIL SABARA UNIDADE 2;FUNDACAO JOSE LUIZ EGYDIO SETUBAL;HOSPITAL ESPECIALIZADO;HOSPITAL_FILANTRÓPICO;AVENIDA ANGELICA;1920;HIGIENOPOLIS;1228200;58;0;0;0;0;0;0;0;0;0;0;0;0;0
202302;SUDESTE;SP;SAO PAULO;HOSPITAL SANTA ISABEL;HOSPITAL SANTA ISABEL S A;HOSPITAL GERAL;HOSPITAL_PRIVADO;R DR CESARIO MOTA JUNIOR;112;SANTA CECILIA;1221900;115;0;19;0;12;0;0;0;0;0;3;0;4;0
202302;SUDESTE;SP;SAO PAULO;HOSPITAL INDIANOPOLIS;CARESURGE LTDA;HOSPITAL GERAL;HOSPITAL_PRIVADO;AVENIDA JANDIRA;1134;INDIANOPOLIS;4080006;40;0;0;0;0;0;0;0;0;0;0;0;0;0
202302;SUDESTE;SP;SAO PAULO;HOSPITAL SAN GENNARO;HOSPITAL SAN GENNARO LTDA;HOSPITAL GERAL;HOSPITAL_PRIVADO;PAES DE BARROS;1327;MOOCA;3115020;41;0;4;0;4;0;0;0;0;0;0;0;0;0
202302;SUDESTE;SP;SAO PAULO;NOTRA DAME INTERMEDICA SAUDE;NOTRE DAME INTERMEDICA SAUDE SA;UNIDADE MISTA;HOSPITAL_PRIVADO;AVENIDA REBOUCAS;2274;PINHEIROS;5402300;4;0;0;0;0;0;0;0;0;0;0;0;0;0
202302;SUDESTE;SP;SAO PAULO;HOSP MUN CARMEN PRUDENTE;PREFEITURA DO MUNICIPIO DE SAO PAULO;HOSPITAL GERAL;HOSPITAL_PÚBLICO;AV DOS METALURGICOS;1797;CIDADE TIRADENTES;8471000;245;224;51;30;30;10;11;10;10;10;0;0;0;0
202302;SUDESTE;SP;SAO PAULO;HOSPITAL LOCAL DE SAPOPEMBA;SECRETARIA DE ESTADO DA SAUDE DE SAO PAULO;HOSPITAL GERAL;HOSPITAL_PÚBLICO;RUA IAMACARU;45;PARQUE SANTA MADALEN;3982060;30;30;0;0;0;0;0;0;0;0;0;0;0;0
202302;SUDESTE;SP;SAO PAULO;INSTITUTO DE REABILITACAO LUCY MONTORO;SECRETARIA DE ESTADO DA SAUDE DE SAO PAULO;HOSPITAL ESPECIALIZADO;HOSPITAL_PÚBLICO;RUA JANDIATUBA;580;VILA ANDRADE;5716150;64;64;0;0;0;0;0;0;0;0;0;0;0;0
202302;SUDESTE;SP;SAO PAULO;HOSPITAL VILLA LOBOS;REDE DOR SAO LUIZ S A;HOSPITAL GERAL;HOSPITAL_PRIVADO;RUA LITUANIA;260;MOOCA;3184020;154;0;40;0;30;0;0;0;0;0;0;0;10;0
202302;SUDESTE;SP;SAO PAULO;ASSOCIACAO HOSPITAL PERSONAL CUIDADOS ESPECIAIS;ASSOCIACAO HOSPITAL PERSONAL CUIDADOS ESPECIAIS;HOSPITAL GERAL;HOSPITAL_FILANTRÓPICO;RUA CAME;1016;PARQUE DA MOOCA;3121020;70;0;0;0;0;0;0;0;0;0;0;0;0;0
202302;SUDESTE;SP;SAO PAULO;HOSPITAL INGLES;HOSPITAL INGLES LTDA;HOSPITAL ESPECIALIZADO;HOSPITAL_PRIVADO;RUA SILVIA;193;BELA VISTA;1331010;7;0;0;0;0;0;0;0;0;0;0;0;0;0
202302;SUDESTE;SP;SAO PAULO;BARRAMED CASA DE APOIO;BARRAMED CASA DE APOIO LTDA;HOSPITAL ESPECIALIZADO;HOSPITAL_PRIVADO;RUA PROFESSOR GIULIANI;202;VILA INVERNADA;3348030;25;0;0;0;0;0;0;0;0;0;0;0;0;0
202302;SUDESTE;SP;SAO PAULO;HOSP MUN M BOI MIRIM;SECRETARIA MUNICIPAL DA SAUDE;HOSPITAL GERAL;HOSPITAL_PÚBLICO;DO M BOI MIRIM;5203;JARDIM ANGELA;4948970;341;279;80;40;60;20;10;10;10;10;0;0;0;0
202302;SUDESTE;SP;SAO PAULO;HOSP SAO LUIZ ANALIA FRANCO;REDE DOR SAO LUIZ S A;HOSPITAL GERAL;HOSPITAL_PRIVADO;FRANCISCO MARENGO;1312;TATUAPE;3313000;259;0;85;0;54;0;11;0;20;0;0;0;0;0
202302;SUDESTE;SP;SAO PAULO;INSTITUTO DO CANCER DO ESTADO DE SAO PAULO;SECRETARIA DE ESTADO DA SAUDE DE SAO PAULO;HOSPITAL ESPECIALIZADO;HOSPITAL_PÚBLICO;AV DR ARNALDO;251;CERQUEIRA CESAR;1246000;525;525;85;85;85;85;0;0;0;0;0;0;0;0
202302;SUDESTE;SP;SAO PAULO;HOSPITAL MONTEMAGNO;NOTRE DAME INTERMEDICA SAUDE S A;HOSPITAL GERAL;HOSPITAL_PRIVADO;AVENIDA MONTEMAGNO;241;VILA FORMOSA;3371000;113;0;11;0;11;0;0;0;0;0;0;0;0;0
202302;SUDESTE;SP;SAO PAULO;HOSPITAL LEFORTE;HOSPITAL LEFORTE S A;HOSPITAL GERAL;HOSPITAL_PRIVADO;RUA TRES IRMAOS;121;CAXINGUI;5615190;96;0;28;0;16;0;8;0;4;0;0;0;0;0
202302;SUDESTE;SP;SAO PAULO;BP MIRANTE;REAL E BENEMERITA ASSOCIACAO PORTUGUESA DE BENEFICENCIA;HOSPITAL ESPECIALIZADO;HOSPITAL_FILANTRÓPICO;RUA MARTINIANO DE CARVALHO;965;BELA VISTA;1321001;123;0;30;0;30;0;0;0;0;0;0;0;0;0
202302;SUDESTE;SP;SAO PAULO;UNIDADE AVANCADA EINSTEIN PERDIZES;SOCIEDADE BENEF ISRAELITA BRAS HOSPITAL ALBERT EINSITEN;HOSPITAL GERAL;HOSPITAL_FILANTRÓPICO;RUA APIACAS;85;PERDIZES;5017020;9;0;0;0;0;0;0;0;0;0;0;0;0;0
202302;SUDESTE;SP;SAO PAULO;HOSPITAL INFANTIL SABARA;FUNDACAO JOSE LUIZ EGYDIO SETUBAL;HOSPITAL ESPECIALIZADO;HOSPITAL_FILANTRÓPICO;AVENIDA ANGELICA;1987;HIGIENOPOLIS;1227200;118;0;45;0;0;0;45;0;0;0;0;0;0;0
202302;SUDESTE;SP;SAO PAULO;HOSPITAL SANCTA MAGGIORE;PREVENT SENIOR PRIVATE OPERADORA DE SAUDE LTDA;HOSPITAL GERAL;HOSPITAL_PRIVADO;RUA MITUTO MUZUMOTO;596;LIBERDADE;1513040;4;0;0;0;0;0;0;0;0;0;0;0;0;0
202302;SUDESTE;SP;SAO PAULO;HOSPITAL VITORIA;ESHO EMPRESA DE SERVICOS HOSPITALARES SA;HOSPITAL GERAL;HOSPITAL_PRIVADO;AVN VEREADOR ABEL FERREIRA;S/N;J ANALIA FRANCO;3340000;152;0;48;0;34;0;4;0;10;0;0;0;0;0
202302;SUDESTE;SP;SAO PAULO;HOSPITAL E CASA DE REPOUSO SAINTE MARIE;HOSPITAL E CASA DE REPOUSO SAINTE MARIE LTDA;HOSPITAL GERAL;HOSPITAL_PRIVADO;GUILHERME ASBAHR NETO;438;CHACARA MONTE ALEGRE;4646001;46;0;0;0;0;0;0;0;0;0;0;0;0;0
202302;SUDESTE;SP;SAO PAULO;IBCC UNIDADE JACANA;INSTITUTO BRASILEIRO DE CONTROLE DO CANCER;HOSPITAL ESPECIALIZADO;HOSPITAL_FILANTRÓPICO;RUA ROQUE DE PAULA MONTEIRO;245;JACANA;2272000;128;0;0;0;0;0;0;0;0;0;0;0;0;0
202302;SUDESTE;SP;SAO PAULO;HOSPITAL MUNICIPAL SOROCABANA;PREFEITURA DO MUNICIPIO DE SAO PAULO;HOSPITAL GERAL;HOSPITAL_PÚBLICO;RUA FAUSTOLO;1633;VILA ROMANA;5041001;60;50;10;0;10;0;0;0;0;0;0;0;0;0
202302;SUDESTE;SP;SAO PAULO;HOSPITAL A C CAMARGO TAMANDARE;FUNDACAO ANTONIO PRUDENTE;HOSPITAL ESPECIALIZADO;HOSPITAL_FILANTRÓPICO;TAMANDARE;753;LIBERDADE;1525000;126;0;10;0;10;0;0;0;0;0;0;0;0;0
202302;SUDESTE;SP;SAO PAULO;HOSPITAL GREEN HILL;GREEN HILL SERVICOS MEDICOS SC LTDA;HOSPITAL GERAL;HOSPITAL_PRIVADO;RUA BOM PASTOR;905;IPIRANGA;4203050;12;0;0;0;0;0;0;0;0;0;0;0;0;0
202302;SUDESTE;SP;SAO PAULO;HOSPITAL E PRONTO ATENDIMENTO SANCTA MAGGIORE;PREVENT SENIOR PRIVATE OPERADORA DE SAUDE LTDA;HOSPITAL GERAL;HOSPITAL_PRIVADO;RUA TAMARATACA;127;MOOCA;3119010;66;0;10;0;10;0;0;0;0;0;0;0;0;0
202302;SUDESTE;SP;SAO PAULO;HOSPITAL SANCTA MAGGIORE;PREVENT SENIOR PRIVATE OPERADORA DE SAUDE LTDA;HOSPITAL GERAL;HOSPITAL_PRIVADO;AVENIDA SANTO AMARO;22;VILA NOVA CONCEICAO;4506000;97;0;18;0;18;0;0;0;0;0;0;0;0;0
202302;SUDESTE;SP;SAO PAULO;HOSPITAL E PRONTO ATENDIMENTO SANCTA MAGGIORE;PREVENT SENIOR PRIVATE OPERADORA DE SAUDE LTDA;HOSPITAL GERAL;HOSPITAL_PRIVADO;RUA DA FIGUEIRA;831;MOOCA;3102010;117;0;20;0;20;0;0;0;0;0;0;0;0;0
202302;SUDESTE;SP;SAO PAULO;HOSPITAL E PRONTO ATENDIMENTO SANCTA MAGGIORE;PREVENT SENIOR PRIVATE OPERADORA DE SAUDE LTDA;HOSPITAL GERAL;HOSPITAL_PRIVADO;RUA MAESTRO CARDIM;1137;BELA VISTA;1323001;106;0;30;0;30;0;0;0;0;0;0;0;0;0
202302;SUDESTE;SP;SAO PAULO;BENVISTA OFTALMOLOGIA;VMOFTSP CLINICA MEDICA OFTALMOLOGICA LTDA;HOSPITAL ESPECIALIZADO;HOSPITAL_PRIVADO;AV LEONCIO DE MAGALHAES;683;JARDIM SAO PAULO;2042010;26;0;0;0;0;0;0;0;0;0;0;0;0;0
202302;SUDESTE;SP;SAO PAULO;HOSPITAL PROFESSORA LYDIA STOROPOLI;ASSOCIACAO EDUCACIONAL NOVE DE JULHO;HOSPITAL GERAL;HOSPITAL_FILANTRÓPICO;VERGUEIRO;235;LIBERDADE;1504001;210;180;30;0;30;0;0;0;0;0;0;0;0;0
202302;SUDESTE;SP;SAO PAULO;HOSPITAL SANCTA MAGGIORE;PREVENT SENIOR PRIVATE OPERADORA DE SAUDE LTDA;HOSPITAL GERAL;HOSPITAL_PRIVADO;RUA CRISTIANO VIANA;890;PINHEIROS;5411001;101;0;29;0;29;0;0;0;0;0;0;0;0;0
202302;SUDESTE;SP;SAO PAULO;COMPLEXO HOSPITALAR SANTO EXPEDITO;SANTO ANDRE SERVICOS MEDICOS ESPECIALIZADOS LTDA;HOSPITAL GERAL;HOSPITAL_PRIVADO;RUA TOMOICHI SHIMIZU;201;ITAQUERA;8260140;38;0;8;0;8;0;0;0;0;0;0;0;0;0
202302;SUDESTE;SP;SAO PAULO;HOSPITAL SAINT PETER;MEJI ASSISTENCIA MEDICA LTDA;HOSPITAL GERAL;HOSPITAL_PRIVADO;RUA ESTADO DE ISRAEL;747;VILA CLEMENTINO;4022002;55;0;4;0;4;0;0;0;0;0;0;0;0;0
202302;SUDESTE;SP;SAO PAULO;CLINICA SPATIIUM;CLINICA MEDICA GLORIA TORQUATO LTDA;HOSPITAL ESPECIALIZADO;HOSPITAL_PRIVADO;RUA JOSE ANTONIO COELHO;416;VILA MARIANA;4011061;15;0;0;0;0;0;0;0;0;0;0;0;0;0
202302;SUDESTE;SP;SAO PAULO;HOSPITAL MORIAH;REDE MORIAH SAUDE LTDA;HOSPITAL GERAL;HOSPITAL_PRIVADO;AVENIDA MOACI;974;PLANALTO PAULISTA;4083002;43;0;5;0;5;0;0;0;0;0;0;0;0;0
202302;SUDESTE;SP;SAO PAULO;HOSPITAL SANTA CLARA;GERHOSP SERVICOS HOSPITALARES LTDA;HOSPITAL GERAL;HOSPITAL_PRIVADO;JOAQUIM MARRA;138;VILA MATILDE;3514000;159;0;27;0;27;0;0;0;0;0;0;0;0;0
202302;SUDESTE;SP;SAO PAULO;HOSP MUN GILSON DE CASSIA MARQUES DE CARVALHO;PREFEITURA DO MUNICIPIO DE SAO PAULO;HOSPITAL GERAL;HOSPITAL_PÚBLICO;AVENIDA SANTA CATARINA;2785;VILA MASCOTE;4378200;247;212;59;40;40;40;9;0;10;0;0;0;0;0
202302;SUDESTE;SP;SAO PAULO;HOSPITAL MUNICIPAL CAPELA DO SOCORRO;PREFEITURA DO MUNICIPIO DE SAO PAULO;HOSPITAL GERAL;HOSPITAL_PÚBLICO;RUA CASSIO DE CAMPOS NOGUEIRA;2031;JARDIM DAS IMBUIAS;4829310;105;95;10;0;10;0;0;0;0;0;0;0;0;0
202302;SUDESTE;SP;SAO PAULO;HOSPITAL SANCTA MAGGIORE;PREVENT SENIOR PRIVATE OPERADORA DE SAUDE LTDA;HOSPITAL GERAL;HOSPITAL_PRIVADO;RUA JUAGUARIBE;144;VILA BUARQUE;1224000;125;0;18;0;18;0;0;0;0;0;0;0;0;0
202302;SUDESTE;SP;SAO PAULO;BLA SERVICOS HOSPITALARES;BLA SERVICOS HOSPITALARES LTDA;HOSPITAL ESPECIALIZADO;HOSPITAL_PRIVADO;BRIG LUIS ANTONIO;3767;JARDIM PAULISTA;1401001;25;0;0;0;0;0;0;0;0;0;0;0;0;0
202302;SUDESTE;SP;SAO PAULO;CLINICA MEDICA ESPACO FIGUEIRA BRANCA;CLINICA MEDICA ESPACO FIGUEIRA BRANCA LTDA;UNIDADE MISTA;HOSPITAL_PRIVADO;DRONSFIELD;272;LAPA;5074000;30;0;0;0;0;0;0;0;0;0;0;0;0;0
202302;SUDESTE;SP;SAO PAULO;HOSP MUN JOSANIAS CASTANHA BRAGA;PREFEITURA DO MUNICIPIO DE SAOPAULO;HOSPITAL GERAL;HOSPITAL_PÚBLICO;RUA EUZEBIO COGHI;841;JARDIM ROSCHEL;4883290;282;237;40;20;20;10;10;10;10;0;0;0;0;0
202302;SUDESTE;SP;SAO PAULO;HOSPITAL E MATERNIDADE SANTA MARIA;HOSPITAL E MATERNIDADE SANTA JOANA S A;HOSPITAL ESPECIALIZADO;HOSPITAL_PRIVADO;LEONCIO DE CARVALHO;233;PARAISO;4003010;31;0;24;0;0;0;0;0;24;0;0;0;0;0
202302;SUDESTE;SP;SAO PAULO;HOSPITAL E MATERNIDADE SALVALUS;NOTRE DAME INTERMEDICA SAUDE S A;HOSPITAL GERAL;HOSPITAL_PRIVADO;RUA BRESSER;1954;BRAS;3161160;469;0;140;0;84;0;26;0;20;0;0;0;10;0
202302;SUDESTE;SP;SAO PAULO;JML SERVICOS HOSPITALARES;JML SERVICOS HOSPITALARES LTDA;HOSPITAL ESPECIALIZADO;HOSPITAL_PRIVADO;RUA JOSE MARIA LISBOA;659;JARDIM PAULISTA;1423001;45;0;0;0;0;0;0;0;0;0;0;0;0;0
202302;SUDESTE;SP;SAO PAULO;HOSPITAL SAMARITANO PAULISTA;HOSPITAL ALVORADA TAGUATINGA LTDA;HOSPITAL GERAL;HOSPITAL_PRIVADO;AVENIDA BRIGADEIRO LUIS ANTONIO;1895;BELA VISTA;1317002;110;0;27;0;27;0;0;0;0;0;0;0;0;0
202302;SUDESTE;SP;SAO PAULO;HOSPITAL VILA NOVA STAR;ONCO STAR SP ONCOLOGIA LTDA;HOSPITAL GERAL;HOSPITAL_PRIVADO;DOUTOR ALCEU DE CAMPOS RODRIGUES;126;VILA NOVA CONCEICAO;4544000;42;0;9;0;9;0;0;0;0;0;0;0;0;0
202302;SUDESTE;SP;SAO PAULO;HOSPITAL MUNICIPAL INTEGRADO SANTO AMARO;PREFEITURA DO MUNICIPIO DE SAO PAULO;HOSPITAL GERAL;HOSPITAL_PÚBLICO;AV ADOLFO PINHEIRO;339;SANTO AMARO;4753060;70;70;0;0;0;0;0;0;0;0;0;0;0;0
